Workbook

Sheet Entrada
A1: CODIGO | B1: Prc_Fabric | C1: Prc_UltEnt | D1: Qtd_PedFat | F1: CODIGO | G1: Prc_Fabric | H1: Prc_UltEnt | I1: Qtd_BON
A2: 26 | B2: 161.05 | C2: 44.604 | D2: 100 | F2: 26 | G2: 161.05 | H2: 44.604 | I2: 200 | K2: 26 | L2: 47.1 | M2: Mai 25 2023 12:00AM
A3: 27 | B3: 206.46 | C3: 31.844367 | D3: 2027 | F3: 27 | G3: 206.46 | H3: 31.844367 | I3: 0 | K3: 27 | L3: 51.3 | M3: Nov 16 2023 12:00AM
A4: 35 | B4: 58.76 | C4: 19.634583 | D4: 120 | F4: 35 | G4: 58.76 | H4: 19.634583 | I4: 60 | K4: 35 | L4: 19.63 | M4: Dez 21 2023 12:00AM
A5: 36 | B5: 49.57 | C5: 2.753725 | D5: 0 | F5: 36 | G5: 49.57 | H5: 2.753725 | I5: 0 | K5: 38 | L5: 10.96 | M5: Mar 3 2023 12:00AM
A6: 38 | B6: 29.16 | C6: 6.088125 | D6: 240 | F6: 38 | G6: 29.16 | H6: 6.088125 | I6: 240 | K6: 39 | L6: 12.78 | M6: Dez 18 2023 12:00AM
A7: 39 | B7: 78.18 | C7: 12.777 | D7: 200 | F7: 39 | G7: 78.18 | H7: 12.777 | I7: 0 | K7: 42 | L7: 17.68 | M7: Dez 4 2023 12:00AM
A8: 42 | B8: 85.63 | C8: 13.2527 | D8: 100 | F8: 42 | G8: 85.63 | H8: 13.2527 | I8: 880 | K8: 43 | L8: 200.55 | M8: Nov 16 2023 12:00AM
A9: 43 | B9: 388.56 | C9: 200.5462 | D9: 150 | F9: 43 | G9: 388.56 | H9: 200.5462 | I9: 0 | K9: 44 | L9: 6.78 | M9: Abr 10 2023 12:00AM
A10: 44 | B10: 59.65 | C10: 10.2224 | D10: 300 | F10: 44 | G10: 59.65 | H10: 10.2224 | I10: 100 | K10: 47 | L10: 41.3 | M10: Dez 18 2023 12:00AM
A11: 45 | B11: 50.83 | C11: 15.94272 | D11: 0 | F11: 45 | G11: 50.83 | H11: 15.94272 | I11: 0 | K11: 129 | L11: 13.97 | M11: Dez 21 2023 12:00AM
A12: 47 | B12: 150.05 | C12: 41.303063 | D12: 320 | F12: 47 | G12: 150.05 | H12: 41.303063 | I12: 0 | K12: 255 | L12: 20.2 | M12: Dez 28 2023 12:00AM
A13: 129 | B13: 116.04 | C13: 13.974428 | D13: 490 | F13: 129 | G13: 116.04 | H13: 13.974428 | I13: 980 | K13: 257 | L13: 65.73 | M13: Out 26 2023 12:00AM
... A242: 12518 | B242: 59.68 | C242: 7.6999 | D242: 400 | F242: 12518 | G242: 59.68 | H242: 7.6999 | I242: 600 | K242: 22866 | L242: 9.86 | M242: Dez 21 2023 12:00AM
A243: 12520 | B243: 45.17 | C243: 7.741325 | D243: 2880 | F243: 12520 | G243: 45.17 | H243: 7.741325 | I243: 0
A244: 12521 | B244: 49.98 | C244: 8.1683333 | D244: 60 | F244: 12521 | G244: 49.98 | H244: 8.1683333 | I244: 120
A245: 12585 | B245: 104.66 | C245: 28.608125 | D245: 96 | F245: 12585 | G245: 104.66 | H245: 28.608125 | I245: 0
A246: 12732 | B246: 31.54 | C246: 6.756025 | D246: 8000 | F246: 12732 | G246: 31.54 | H246: 6.756025 | I246: 0
A247: 12733 | B247: 97.8 | C247: 17.665833 | D247: 0 | F247: 12733 | G247: 97.8 | H247: 17.665833 | I247: 384
A248: 12805 | B248: 39.4 | C248: 3.19792 | D248: 1400 | F248: 12805 | G248: 39.4 | H248: 3.19792 | I248: 3400
A249: 12815 | B249: 67 | C249: 4.13518 | D249: 400 | F249: 12815 | G249: 67 | H249: 4.13518 | I249: 1700
A250: 12870 | B250: 45.23 | C250: 5.788728 | D250: 0 | F250: 12870 | G250: 45.23 | H250: 5.788728 | I250: 0
A251: 13184 | B251: 12.74 | C251: 2.9471905 | D251: 210 | F251: 13184 | G251: 12.74 | H251: 2.9471905 | I251: 525
A252: 13185 | B252: 24.45 | C252: 5.3539524 | D252: 210 | F252: 13185 | G252: 24.45 | H252: 5.3539524 | I252: 315
A253: 13448 | B253: 128.8 | C253: 36.709333 | D253: 0 | F253: 13448 | G253: 128.8 | H253: 36.709333 | I253: 0
A254: 13449 | B254: 130.39 | C254: 11.2161 | D254: 300 | F254: 13449 | G254: 130.39 | H254: 11.2161 | I254: 500
... A368: 22870 | B368: 121.71 | C368: 0 | D368: 0 | F368: 22870 | G368: 121.71 | H368: 0 | I368: 0

Sheet Saída_2023
A1: cod_ean | B1: codigo | C1: descricao | D1: Cod_PolCom | E1: Auxiliar | F1: QtdVen | G1: VlrFatVen
A2: 7891317002688 | B2: 1049 | C2: ACEBROFILINA 25 MG INF XPE 120 ML | D2: CE - 0000 | E2: =_xlfn.CONCAT(D2,"-",B2) -> CE - 0000-1049 | F2: 4201 | G2: 40767.4
A3: 7891317002688 | B3: 1049 | C3: ACEBROFILINA 25 MG INF XPE 120 ML | D3: CE - EURO X AUGEFARMA | E3: =_xlfn.CONCAT(D3,"-",B3) -> CE - EURO X AUGEFARMA-1049 | F3: 176 | G3: 1529.57
A4: 7891317002688 | B4: 1049 | C4: ACEBROFILINA 25 MG INF XPE 120 ML | D4: CE - OL 001 | E4: =_xlfn.CONCAT(D4,"-",B4) -> CE - OL 001-1049 | F4: 1232 | G4: 13105.76
A5: 7891317002688 | B5: 1049 | C5: ACEBROFILINA 25 MG INF XPE 120 ML | D5: CE - EUROFARMA G7 | E5: =_xlfn.CONCAT(D5,"-",B5) -> CE - EUROFARMA G7-1049 | F5: 403 | G5: 3928.56
A6: 7891317002688 | B6: 1049 | C6: ACEBROFILINA 25 MG INF XPE 120 ML | D6: CE - OL 002 | E6: =_xlfn.CONCAT(D6,"-",B6) -> CE - OL 002-1049 | F6: 284 | G6: 3113.34
A7: 7891317002688 | B7: 1049 | C7: ACEBROFILINA 25 MG INF XPE 120 ML | D7: CE - EUROFARMA 6% | E7: =_xlfn.CONCAT(D7,"-",B7) -> CE - EUROFARMA 6%-1049 | F7: 51 | G7: 504.55
A8: 7891317002695 | B8: 1050 | C8: ACEBROFILINA 50 MG ADT XPE 120 ML | D8: CE - EUROFARMA G7 | E8: =_xlfn.CONCAT(D8,"-",B8) -> CE - EUROFARMA G7-1050 | F8: 632 | G8: 7896.84
A9: 7891317002695 | B9: 1050 | C9: ACEBROFILINA 50 MG ADT XPE 120 ML | D9: CE - EUROFARMA 6% | E9: =_xlfn.CONCAT(D9,"-",B9) -> CE - EUROFARMA 6%-1050 | F9: 29 | G9: 367.57
A10: 7891317002695 | B10: 1050 | C10: ACEBROFILINA 50 MG ADT XPE 120 ML | D10: CE - 0000 | E10: =_xlfn.CONCAT(D10,"-",B10) -> CE - 0000-1050 | F10: 5716 | G10: 69497.44
A11: 7891317002695 | B11: 1050 | C11: ACEBROFILINA 50 MG ADT XPE 120 ML | D11: CE - EURO X AUGEFARMA | E11: =_xlfn.CONCAT(D11,"-",B11) -> CE - EURO X AUGEFARMA-1050 | F11: 207 | G11: 2225.38
A12: 7891317002695 | B12: 1050 | C12: ACEBROFILINA 50 MG ADT XPE 120 ML | D12: CE - OL 002 | E12: =_xlfn.CONCAT(D12,"-",B12) -> CE - OL 002-1050 | F12: 37 | G12: 602.17
A13: 7891317002695 | B13: 1050 | C13: ACEBROFILINA 50 MG ADT XPE 120 ML | D13: CE - OL 001 | E13: =_xlfn.CONCAT(D13,"-",B13) -> CE - OL 001-1050 | F13: 762 | G13: 10069.6
... A1199: 7891317004606 | B1199: 4087 | C1199: ZOLPIDEM (C1) 5 MG C/30 CPR SUBL | D1199: CE - OL 002 | E1199: =_xlfn.CONCAT(D1199,"-",B1199) -> CE - OL 002-4087 | F1199: 21 | G1199: 905.93

Sheet Saída_DEZ
A1: cod_ean | B1: codigo | C1: descricao | D1: Cod_PolCom | E1: Auxilixar | F1: QtdVen | G1: VlrFatVen
A2: 7891317002688 | B2: 1049 | C2: ACEBROFILINA 25 MG INF XPE 120 ML | D2: CE - 0000 | E2: =_xlfn.CONCAT(D2,"-",B2) -> CE - 0000-1049 | F2: 1065 | G2: 10252
A3: 7891317002688 | B3: 1049 | C3: ACEBROFILINA 25 MG INF XPE 120 ML | D3: CE - OL 002 | E3: =_xlfn.CONCAT(D3,"-",B3) -> CE - OL 002-1049 | F3: 181 | G3: 1973.74
A4: 7891317002688 | B4: 1049 | C4: ACEBROFILINA 25 MG INF XPE 120 ML | D4: CE - EUROFARMA G7 | E4: =_xlfn.CONCAT(D4,"-",B4) -> CE - EUROFARMA G7-1049 | F4: 195 | G4: 1913.59
A5: 7891317002695 | B5: 1050 | C5: ACEBROFILINA 50 MG ADT XPE 120 ML | D5: CE - EUROFARMA G7 | E5: =_xlfn.CONCAT(D5,"-",B5) -> CE - EUROFARMA G7-1050 | F5: 299 | G5: 3686.41
A6: 7891317002695 | B6: 1050 | C6: ACEBROFILINA 50 MG ADT XPE 120 ML | D6: CE - 0000 | E6: =_xlfn.CONCAT(D6,"-",B6) -> CE - 0000-1050 | F6: 778 | G6: 9547.49
A7: 7891317002695 | B7: 1050 | C7: ACEBROFILINA 50 MG ADT XPE 120 ML | D7: CE - OL 002 | E7: =_xlfn.CONCAT(D7,"-",B7) -> CE - OL 002-1050 | F7: 27 | G7: 365.8
A8: 7891317020002 | B8: 16186 | C8: ACECLOFENACO 100 MG C/12 CPR REV | D8: CE - 0000 | E8: =_xlfn.CONCAT(D8,"-",B8) -> CE - 0000-16186 | F8: 77 | G8: 783.12
A9: 7891317020002 | B9: 16186 | C9: ACECLOFENACO 100 MG C/12 CPR REV | D9: CE - EUROFARMA G7 | E9: =_xlfn.CONCAT(D9,"-",B9) -> CE - EUROFARMA G7-16186 | F9: 1 | G9: 10.76
A10: 7891317020002 | B10: 16186 | C10: ACECLOFENACO 100 MG C/12 CPR REV | D10: CE - OL 002 | E10: =_xlfn.CONCAT(D10,"-",B10) -> CE - OL 002-16186 | F10: 15 | G10: 177.85
A11: 7891317001056 | B11: 4633 | C11: ACETILCISTEINA 100 MG C/16 ENV 5G | D11: CE - EUROFARMA G7 | E11: =_xlfn.CONCAT(D11,"-",B11) -> CE - EUROFARMA G7-4633 | F11: 32 | G11: 500.2
A12: 7891317025083 | B12: 16807 | C12: ACETILCISTEINA 20 MG/ML XPE INF 120ML | D12: CE - EUROFARMA G7 | E12: =_xlfn.CONCAT(D12,"-",B12) -> CE - EUROFARMA G7-16807 | F12: 310 | G12: 2982.47
A13: 7891317025083 | B13: 16807 | C13: ACETILCISTEINA 20 MG/ML XPE INF 120ML | D13: CE - OL 002 | E13: =_xlfn.CONCAT(D13,"-",B13) -> CE - OL 002-16807 | F13: 98 | G13: 1034.52
... A570: 7891317004606 | B570: 4087 | C570: ZOLPIDEM (C1) 5 MG C/30 CPR SUBL | D570: CE - OL 002 | E570: =_xlfn.CONCAT(D570,"-",B570) -> CE - OL 002-4087 | F570: 19 | G570: 820.11

Sheet Result
L1: CE – 0000 | P1: DEZEMBRO | T1: CE - EURO 6% | X1: DEZEMBRO | AB1: CE - EURO X AUGEFARMA | AF1: DEZEMBRO | AJ1: CE - EUROFARMA 6% | AN1: DEZEMBRO | AR1: CE - EUROFARMA G7 | AV1: DEZEMBRO | AZ1: CE - OL 001 | BD1: DEZEMBRO | BH1: CE - OL 002 | BL1: DEZEMBRO | BP1: CE - OL NCO01 | BT1: DEZEMBRO | BX1: CE - OL PROMOÇÃO DA SEMAN | CB1: DEZEMBRO
A2: cod_ean | B2: codigo | C2: descricao | D2: P COMPRA | E2: P FABRICA | F2: P ULT COMPRA | G2: PR ULT ENT | H2: QTD COMPRA | I2: QTD_BON | J2: QTD_ENTR | K2: P COMPRA X TOTAL | L2: Qtd_Saída | M2: QtdxCusto | O2: Vlr_Saída | P2: Qtd_Saída | Q2: QtdxCusto | S2: Vlr_Saída | T2: Qtd_Saída | U2: QtdxCusto | W2: Vlr_Saída | X2: Qtd_Saída | Y2: QtdxCusto | AA2: Vlr_Saída | AB2: Qtd_Saída | AC2: QtdxCusto | AE2: Vlr_Saída | AF2: Qtd_Saída | AG2: QtdxCusto | AI2: Vlr_Saída | AJ2: Qtd_Saída | AK2: QtdxCusto | AM2: Vlr_Saída | AN2: Qtd_Saída | AO2: QtdxCusto | AQ2: Vlr_Saída | AR2: Qtd_Saída | AS2: QtdxCusto | AU2: Vlr_Saída | AV2: Qtd_Saída | AW2: QtdxCusto | AY2: Vlr_Saída | AZ2: Qtd_Saída | BA2: QtdxCusto | BC2: Vlr_Saída | BD2: Qtd_Saída | BE2: QtdxCusto | BG2: Vlr_Saída | BH2: Qtd_Saída | BI2: QtdxCusto | BK2: Vlr_Saída | BL2: Qtd_Saída | BM2: QtdxCusto | BO2: Vlr_Saída | BP2: Qtd_Saída | BQ2: QtdxCusto | BS2: Vlr_Saída | BT2: Qtd_Saída | BU2: QtdxCusto | BW2: Vlr_Saída | BX2: Qtd_Saída | BY2: QtdxCusto | CA2: Vlr_Saída | CB2: Qtd_Saída | CC2: QtdxCusto | CE2: Vlr_Saída
A3: 7891317133689 | B3: 26 | C3: DICLORIDRATO DE PRAMIPEXOL 0,75MG C/30 CPR | E3: =IFERROR(VLOOKUP(B3,Entrada!A:B,2,0),0) -> 161.05 | F3: =IFERROR(VLOOKUP(B3,Entrada!A:C,3,0),0) -> 44.604 | G3: =IFERROR(VLOOKUP(B3,Entrada!K:L,2,0),0) -> 47.1 | H3: =IFERROR(VLOOKUP(B3,Entrada!A:D,4,0),0) -> 100 | I3: =IFERROR(VLOOKUP(B3,Entrada!F:I,4,0),0) -> 200 | J3: =H3+I3 -> 300 | K3: =G3*J3 -> 14130 | L3: =IFERROR(VLOOKUP(_xlfn.CONCAT($L$1,"-",B3),Saída_2023!$E:$F,2,0),"0") -> 0 | P3: =IFERROR(VLOOKUP(_xlfn.CONCAT($L$1,"-",B3),Saída_DEZ!$E:$F,1,0),0) -> 0
A4: 7891317134303 | B4: 27 | C4: QUETIAPINA (C1) 50 MG C/30 CPR | E4: =IFERROR(VLOOKUP(B4,Entrada!A:B,2,0),0) -> 206.46 | F4: =IFERROR(VLOOKUP(B4,Entrada!A:C,3,0),0) -> 31.844367 | G4: =IFERROR(VLOOKUP(B4,Entrada!K:L,2,0),0) -> 51.3 | H4: =IFERROR(VLOOKUP(B4,Entrada!A:D,4,0),0) -> 2027 | I4: =IFERROR(VLOOKUP(B4,Entrada!F:I,4,0),0) -> 0 | J4: =H4+I4 -> 2027 | K4: =G4*J4 -> 103985.1 | L4: =IFERROR(VLOOKUP(_xlfn.CONCAT($L$1,"-",B4),Saída_2023!$E:$F,2,0),"0") -> 0
A5: 7891317192822 | B5: 35 | C5: PARACETAMOL+COD (C1) 500+30 MG C/36 CPR | E5: =IFERROR(VLOOKUP(B5,Entrada!A:B,2,0),0) -> 58.76 | F5: =IFERROR(VLOOKUP(B5,Entrada!A:C,3,0),0) -> 19.634583 | G5: =IFERROR(VLOOKUP(B5,Entrada!K:L,2,0),0) -> 19.63 | H5: =IFERROR(VLOOKUP(B5,Entrada!A:D,4,0),0) -> 120 | I5: =IFERROR(VLOOKUP(B5,Entrada!F:I,4,0),0) -> 60 | J5: =H5+I5 -> 180 | K5: =G5*J5 -> 3533.4 | L5: =IFERROR(VLOOKUP(_xlfn.CONCAT($L$1,"-",B5),Saída_2023!$E:$F,2,0),"0") -> 0
A6: 7891317001872 | B6: 38 | C6: HIDROXIZINA 2MG/ML SOL ORAL 120ML | E6: =IFERROR(VLOOKUP(B6,Entrada!A:B,2,0),0) -> 29.16 | F6: =IFERROR(VLOOKUP(B6,Entrada!A:C,3,0),0) -> 6.088125 | G6: =IFERROR(VLOOKUP(B6,Entrada!K:L,2,0),0) -> 10.96 | H6: =IFERROR(VLOOKUP(B6,Entrada!A:D,4,0),0) -> 240 | I6: =IFERROR(VLOOKUP(B6,Entrada!F:I,4,0),0) -> 240 | J6: =H6+I6 -> 480 | K6: =G6*J6 -> 5260.8 | L6: =IFERROR(VLOOKUP(_xlfn.CONCAT($L$1,"-",B6),Saída_2023!$E:$F,2,0),"0") -> 0
A7: 7891317001513 | B7: 39 | C7: ACICLOVIR 200MG 25CPR | E7: =IFERROR(VLOOKUP(B7,Entrada!A:B,2,0),0) -> 78.18 | F7: =IFERROR(VLOOKUP(B7,Entrada!A:C,3,0),0) -> 12.777 | G7: =IFERROR(VLOOKUP(B7,Entrada!K:L,2,0),0) -> 12.78 | H7: =IFERROR(VLOOKUP(B7,Entrada!A:D,4,0),0) -> 200 | I7: =IFERROR(VLOOKUP(B7,Entrada!F:I,4,0),0) -> 0 | J7: =H7+I7 -> 200 | K7: =G7*J7 -> 2556 | L7: =IFERROR(VLOOKUP(_xlfn.CONCAT($L$1,"-",B7),Saída_2023!$E:$F,2,0),"0") -> 0
A8: 7891317140854 | B8: 42 | C8: MONTELUCASTE 10 MG 30 CPR REV | E8: =IFERROR(VLOOKUP(B8,Entrada!A:B,2,0),0) -> 85.63 | F8: =IFERROR(VLOOKUP(B8,Entrada!A:C,3,0),0) -> 13.2527 | G8: =IFERROR(VLOOKUP(B8,Entrada!K:L,2,0),0) -> 17.68 | H8: =IFERROR(VLOOKUP(B8,Entrada!A:D,4,0),0) -> 100 | I8: =IFERROR(VLOOKUP(B8,Entrada!F:I,4,0),0) -> 880 | J8: =H8+I8 -> 980 | K8: =G8*J8 -> 17326.4 | L8: =IFERROR(VLOOKUP(_xlfn.CONCAT($L$1,"-",B8),Saída_2023!$E:$F,2,0),"0") -> 0
A9: 7891317001414 | B9: 43 | C9: TESTOSTERONA 250MG/ML INJ AMP 4ML (C5) | E9: =IFERROR(VLOOKUP(B9,Entrada!A:B,2,0),0) -> 388.56 | F9: =IFERROR(VLOOKUP(B9,Entrada!A:C,3,0),0) -> 200.5462 | G9: =IFERROR(VLOOKUP(B9,Entrada!K:L,2,0),0) -> 200.55 | H9: =IFERROR(VLOOKUP(B9,Entrada!A:D,4,0),0) -> 150 | I9: =IFERROR(VLOOKUP(B9,Entrada!F:I,4,0),0) -> 0 | J9: =H9+I9 -> 150 | K9: =G9*J9 -> 30082.5 | L9: =IFERROR(VLOOKUP(_xlfn.CONCAT($L$1,"-",B9),Saída_2023!$E:$F,2,0),"0") -> 0
A10: 7891317481636 | B10: 44 | C10: SIBUTRAMINA 10 MG C/30 CAPS (B2) | E10: =IFERROR(VLOOKUP(B10,Entrada!A:B,2,0),0) -> 59.65 | F10: =IFERROR(VLOOKUP(B10,Entrada!A:C,3,0),0) -> 10.2224 | G10: =IFERROR(VLOOKUP(B10,Entrada!K:L,2,0),0) -> 6.78 | H10: =IFERROR(VLOOKUP(B10,Entrada!A:D,4,0),0) -> 300 | I10: =IFERROR(VLOOKUP(B10,Entrada!F:I,4,0),0) -> 100 | J10: =H10+I10 -> 400 | K10: =G10*J10 -> 2712 | L10: =IFERROR(VLOOKUP(_xlfn.CONCAT($L$1,"-",B10),Saída_2023!$E:$F,2,0),"0") -> 0
A11: 7891317472139 | B11: 45 | C11: MEMANTINA (C1) 10MG C/60 CPR | E11: =IFERROR(VLOOKUP(B11,Entrada!A:B,2,0),0) -> 50.83 | F11: =IFERROR(VLOOKUP(B11,Entrada!A:C,3,0),0) -> 15.94272 | G11: =IFERROR(VLOOKUP(B11,Entrada!K:L,2,0),0) -> 0 | H11: =IFERROR(VLOOKUP(B11,Entrada!A:D,4,0),0) -> 0 | I11: =IFERROR(VLOOKUP(B11,Entrada!F:I,4,0),0) -> 0 | J11: =H11+I11 -> 0 | K11: =G11*J11 -> 0 | L11: =IFERROR(VLOOKUP(_xlfn.CONCAT($L$1,"-",B11),Saída_2023!$E:$F,2,0),"0") -> 0
A12: 7891317002190 | B12: 47 | C12: CEFTRIAXONA SÓDICA 1G 5 FRASCOS AMP. + 5 AMP DILUENTE C/3,5 ML | E12: =IFERROR(VLOOKUP(B12,Entrada!A:B,2,0),0) -> 150.05 | F12: =IFERROR(VLOOKUP(B12,Entrada!A:C,3,0),0) -> 41.303063 | G12: =IFERROR(VLOOKUP(B12,Entrada!K:L,2,0),0) -> 41.3 | H12: =IFERROR(VLOOKUP(B12,Entrada!A:D,4,0),0) -> 320 | I12: =IFERROR(VLOOKUP(B12,Entrada!F:I,4,0),0) -> 0 | J12: =H12+I12 -> 320 | K12: =G12*J12 -> 13216 | L12: =IFERROR(VLOOKUP(_xlfn.CONCAT($L$1,"-",B12),Saída_2023!$E:$F,2,0),"0") -> 0
A13: 7891317002022 | B13: 129 | C13: RISEDRONATO SODICO 150MG 1CPR REV | E13: =IFERROR(VLOOKUP(B13,Entrada!A:B,2,0),0) -> 116.04 | F13: =IFERROR(VLOOKUP(B13,Entrada!A:C,3,0),0) -> 13.974428 | G13: =IFERROR(VLOOKUP(B13,Entrada!K:L,2,0),0) -> 13.97 | H13: =IFERROR(VLOOKUP(B13,Entrada!A:D,4,0),0) -> 490 | I13: =IFERROR(VLOOKUP(B13,Entrada!F:I,4,0),0) -> 980 | J13: =H13+I13 -> 1470 | K13: =G13*J13 -> 20535.9 | L13: =IFERROR(VLOOKUP(_xlfn.CONCAT($L$1,"-",B13),Saída_2023!$E:$F,2,0),"0") -> 0
A14: 7891317005757 | B14: 255 | C14: CABERGOLINA 0,5MG C/2 CPS | E14: =IFERROR(VLOOKUP(B14,Entrada!A:B,2,0),0) -> 69.06 | F14: =IFERROR(VLOOKUP(B14,Entrada!A:C,3,0),0) -> 11.8818 | G14: =IFERROR(VLOOKUP(B14,Entrada!K:L,2,0),0) -> 20.2 | H14: =IFERROR(VLOOKUP(B14,Entrada!A:D,4,0),0) -> 250 | I14: =IFERROR(VLOOKUP(B14,Entrada!F:I,4,0),0) -> 400 | J14: =H14+I14 -> 650 | K14: =G14*J14 -> 13130 | L14: =IFERROR(VLOOKUP(_xlfn.CONCAT($L$1,"-",B14),Saída_2023!$E:$F,2,0),"0") -> 0
A15: 7891317005764 | B15: 257 | C15: CABERGOLINA 0,5MG C/8 CPS | E15: =IFERROR(VLOOKUP(B15,Entrada!A:B,2,0),0) -> 238.78 | F15: =IFERROR(VLOOKUP(B15,Entrada!A:C,3,0),0) -> 58.350906 | G15: =IFERROR(VLOOKUP(B15,Entrada!K:L,2,0),0) -> 65.73 | H15: =IFERROR(VLOOKUP(B15,Entrada!A:D,4,0),0) -> 0 | I15: =IFERROR(VLOOKUP(B15,Entrada!F:I,4,0),0) -> 50 | J15: =H15+I15 -> 50 | K15: =G15*J15 -> 3286.5 | L15: =IFERROR(VLOOKUP(_xlfn.CONCAT($L$1,"-",B15),Saída_2023!$E:$F,2,0),"0") -> 0
... A255: 7891317018221 | B255: 22866 | C255: CEFADROXILA 500 MG C/8 CAPS | E255: =IFERROR(VLOOKUP(B255,Entrada!A:B,2,0),0) -> 45.83 | F255: =IFERROR(VLOOKUP(B255,Entrada!A:C,3,0),0) -> 0 | G255: =IFERROR(VLOOKUP(B255,Entrada!K:L,2,0),0) -> 9.86 | H255: =IFERROR(VLOOKUP(B255,Entrada!A:D,4,0),0) -> 0 | I255: =IFERROR(VLOOKUP(B255,Entrada!F:I,4,0),0) -> 640 | J255: =H255+I255 -> 640 | K255: =G255*J255 -> 6310.4 | L255: =IFERROR(VLOOKUP(_xlfn.CONCAT($L$1,"-",B255),Saída_2023!$E:$F,2,0),"0") -> 0
